simulation_count,transformation,server_transformation,rotation_error,translation_error,elapsed_time
0,"-0.396973,0.000000,-0.917830,-1006.786198;0.000000,1.000000,0.000000,-502.601396;0.917830,0.000000,-0.396973,-1707.582303;0.000000,0.000000,0.000000,1.000000","-0.396973,-0.000000,0.917830,1167.603456;-0.000000,1.000000,-0.000000,502.601396;-0.917830,0.000000,-0.396973,-1601.923201;0.000000,0.000000,0.000000,1.000000",0.0,3.2155493553843715e-13,4.849348082992947
0,"-0.396973,0.000000,-0.917830,-1006.786198;0.000000,1.000000,0.000000,-502.601396;0.917830,0.000000,-0.396973,-1707.582303;0.000000,0.000000,0.000000,1.000000","-0.397670,-0.004895,0.917515,1174.716271;-0.008396,0.999963,0.001696,497.782811;-0.917490,-0.007029,-0.397697,-1589.598009;0.000000,0.000000,-0.000000,1.000000",0.4928005670546478,15.024022361900453,4.006472290988313
0,"-0.396973,0.000000,-0.917830,-1006.786198;0.000000,1.000000,0.000000,-502.601396;0.917830,0.000000,-0.396973,-1707.582303;0.000000,0.000000,0.000000,1.000000","-0.397063,-0.000818,0.917791,1168.878736;-0.000148,1.000000,0.000827,500.867568;-0.917791,0.000193,-0.397063,-1602.173978;0.000000,0.000000,0.000000,1.000000",0.04848578267294946,2.1668838662342593,4.049304750020383
